<application>
  <component name="FileTypeManager" version="18">
    <extensionMap>
      <mapping pattern=".env.test" type="PLAIN_TEXT" />
      <mapping pattern=".env.test6" type="PLAIN_TEXT" />
      <mapping pattern=".nvmrc" type="PLAIN_TEXT" />
      <mapping pattern=".npmrc" type="PLAIN_TEXT" />
      <mapping pattern=".env.production" type="PLAIN_TEXT" />
      <mapping ext="java" type="PLAIN_TEXT" />
      <mapping ext="ttf" type="PLAIN_TEXT" />
      <removed_mapping ext="pdf" approved="true" type="Native" />
      <removed_mapping pattern=".prettierrc" approved="true" type="JSON" />
      <mapping ext="stylus" type="Stylus" />
    </extensionMap>
  </component>
</application>